{"cameraMode":{"drawMode":0,"name":"Shaded","section":"Shading Mode"},"sceneLighting":true,"audioPlay":false,"sceneViewState":{"m_AlwaysRefresh":false,"showFog":true,"showSkybox":true,"showFlares":true,"showImageEffects":true,"showParticleSystems":true,"showVisualEffectGraphs":true,"m_FxEnabled":true},"in2DMode":false,"pivot":{"x":3.3945908546447756,"y":2.4977118968963625,"z":-5.544100284576416},"rotation":{"x":0.1307610273361206,"y":0.09994838386774063,"z":-0.013281119987368584,"w":0.9863144159317017},"size":1.4952375888824463,"orthographic":false}